cleaned_text,sentiment_label
ini di beji smoga menyusul aksi cepat tanggap di kecamatan lainnya ada titik banjir di depok,1
alhamdulillah depok aman teh klo depok banjir jakarta tenggelem,2
mas pikir kalok gak dinyinyirin pemerintah tau kerjaannya apa wakil rakyat tau kerjaannya apa kalok gak dinyinyirin netizen seindonesia rkuhp gak akan dikaji ulang fyi anggaran dana untuk menanggulangin banjir dipotong pemprov jakarta,0
bogor banjir jakarta bilek,1
apresiasi yang setinggitingginya buat polri yang bantu evakuasi dan salurkan bantuan untuk korban banjir di bekasi dan depok kalian keren,2
semoga banjir di jakarta bekasi dan sekitarnya segera surut tidak ada korban jiwa dan pemerintah gerak cepat dalam memberikan bantuan serta penanganan ada amin,1
salut buat polri yg gercep bantu korban banjir di bekasi amp depok aksi nyata kyk gini penting bgt tetap semangat lihat di sini,2
dunia sedang tidak baikbaik saja banjir bandang bekasi,0
tetap semangat ya warga dki bekasi bogor dan tangerang di suasana pemerintah lagi berhemat buat merdeka bapak presiden,0
polisi wanita polres metro jakarta barat menyalurkan bantuan sosial kepada masyarakat yang terdampak banjir di wilayah kebon jeruk jakarta barat bantuan sosial yang diberikan berupa paket sembako dan makanan ringan untuk meringankan beban warga,2
jakarta yang sudah tidak jadi ibu kota apa parte seputar ibu kota yang udah bubar biasanya para keder parte seputar ibu kota pada ribut klo jakarta banjir,1
jakarta banjir psi ga kedengeran bacotnya,0
curah hujan dan alih fungsi lahan memicu bencana di kawasan puncak bogor jawa barat selain banjir bencana di sana berupa longsor hingga banjir bandang,0
di setiap langkah bhayangkara selalu ada tak gentar menghadapi tantangan polri hadir untuk melindungi dan membawa rasa aman bagi masyarakat dalam penanganan banjir di beberapa wilayah seperti bekasi depok dan pesanggrahan,2
harusnya pemerintah republik ini mulai ngumpulin seluruh insinyur yg berkompeten sih setelah kejadian banjir di bekasi dan puncak kemarin,1
kalo banjir bekasi solusinya gmn pak,0
makanya belajar gais jadi warga yg bertanggung jawab kalo udah banjir aja nyalahinnya pemerintah padahal pemerintah udah berusaha buat jakarta jd bersih lo nya aja pada ngga mikir dan masih buang sampah sembarangan ckckck miris,2
eh tolol listrik bekasi udh mati mau jam lo lg ngapain apa updatenya apa penyebabnya banjir udh surut lo jam lo ngapain aja hah,0
harusnya rk jadi gubernur walaupun jakarta tetep banjir seenggaknya punya masjid aljakbar,0
kementerian pu melalui direktorat jenderal cipta karya memobilisasi perahu karet beserta mesin untuk membantu mengevakuasi masyarakat terdampak bencana banjir di kota bekasi jawa barat,2
gubernur dki jakarta pramono anung meminta seluruh pemerintah yang ada di wilayah provinsi dki jakarta untuk terus hadir bersama masyarakat dalam kondisi banjir seperti saat ini kami tidak menyalahkan siapapun ini tanggung jawab pemerintah jakarta tapi tolong betulbetul,2
banjir stop produksi indo kordsa bram pabrik bram di bogor terpaksa tutup karena banjir amp dinyatakan force majeure apa dampaknya terhadap rantai pasok dan keuangan perusahaan,0
kenapa bekasi banjirkarena rawa dibikin pemukiman penduduk contoh rawa lumbu rawa kalong rawa bebek perbatasan rawa julang rawa bambu kan namanya juga rawatempat nya air,0
potret kesigapan personel tim sar batalyon b pelopor satbrimob polda metro jaya dan basarnas mengevakuasi warga terdampak banjir yang melanda wilayah kebon pala jatinegara jakarta timur,2
adakah yang bisa memberikan foto ataupun video di posko pengungsian banjir,1
pulang ke bekasi disambut berita banjir dimana skaksksk stay safe ya warga bekasi,1
pln siaga pastikan kelistrikan aman pasca banjir di bekasi,2
mengkritik kinerja pemerintah bukanlah hal politik jadi ga ada kata paham n ga paham tapi untuk kepentingan bersama ke depannya supaya di perbaiki bahwa bagi warga jakarta lebih penting mengurangi dampak banjir daripada formula e dan lem aibon,0
sbtlnya ada pakar banjir dari solo sesuai iklannya mudah mengatasi banjir jakarta,1
video opsi relokasi warga pgp bekasi sebab banjir datang berulang kali,2
pemerintah siapakan rusun bagi warga terdampak banjir jakarta,2
masih banjir kah bekasi,1
kementerian pu ungkap alasan banjir melanda wilayah bogor,1
video pemerintah kirim bantuanbikin dapur umum untuk korban banjir bekasi,2
efek bekasi banjir parah paketan yg seharusnya nyampe depok masih ketahan di logos bekasi sabar ga ini ya,1
banjir,1
ketua dpd psi kota bekasi dan anggota dprd kota bekasi sis tanti herawati mengunjungi lokasi banjir di bekasi timur tak lupa memberikan bantuan untuk warga yang menjadi korban air belum surut sampai sore tadi masih banyak warga yang tidak bisa melakukan aktivitas dengan,2
satusatunya alasan kenapa banjir belum jadi isu politik nasional karena gubernur jakarta dari pdip harusnya pdip jangan takut,0
personel korps bhayangkara langsung terjun ke lokasi banjir di bekasi depok dan wilayah yang mengalami banjir untuk mengevakuasi masyarakat menggunakan perahu karet dan peralatan memadai lainnya polri siaga berikan pertolongan dan tetap memberikan imbauan,2
jakarta dan bekasi pak bruce bekasi dikepung banjir kemarin,2
gw juga bingung pak jokowi bilang sejak lebih dari tahun yg lalu katanya banjir dan macet jakarta akan tuntas kalau dia jd presiden karena beliau mengatakan persoalan itu bukan hanya tupoksinya gubernur dki saja akan tetapi pemerintah pusat,0
tanpa keberlanjutan banjir jakarta akan terus menjadi lingkaran setan yang tak berujung,0
menteri koordinator bidang pembangunan manusia dan kebudayaan menko pmk pratikno mengungkapkan bahwa biaya untuk operasi modifikasi cuaca dalam menangani banjir di bekasi sangat mahal untuk itu pratikno meminta pemerintah daerah pemda untuk turut membantu pemerintah pusat,1
baznas salurkan porsi sahur bagi korban banjir di jakarta,2
news video jakarta diterjang musibah banjir hotman paris ajak warga dki gugat pemerintah triliunan rupiah,0
jadetabek dapet banjir kiriman dari bogor aja sampai tergenang ini kota malang bisa diantisipasi dengan apa nih biar banjirnya gak sampai parah kayak gini di musim sekarang uda banyak kemarin video banjir kan,0
banjir di jakarta dan sekitarnya akan lebih mudah saya atasi bila jadi pleciden ngerti pora soonn,0
demi keselamatan rakyat jokowi ambil komando atas penanggulangan banjir sebagai bentuk tanggung jawab pemerintah pusat yaitu membangun terowongan nanjung citarum harum dan bendungan sukamahiciawi lalu kenapa cuma jakarta yang menjadi sorotan,2
adalah bencana nasional mari bersama pemerintah kita bahu membahu membantu korban terdampak banjir daerah bandung tangerang bogor depok dan bekasi juga sangat memerlukan bantuan bukan jakarta saja,1
menanggapi kebutuhan essential masyarakat bekasi akibat banjir kantor pos slipi ikut berjibakh bersama bumn dan pihak lainya mengembalikan listrik komunikasi dan pangan pak pos bersama a nya menyusuri setiap rumah memastikan keadaan daerah,2
personel gabungan tnipolri mengevakuasi warga terdampak banjir di perumahan asri sawangan depok jawa barat pada selasa termasuk seorang pria yang membutuhkan cuci darah di rsud sawangan,2
berasa bgt badan pegel setelah selasa kmrn pulang kerja jalan jauh nyari jalan lain biar ttp bs pulang ditengah banjir di byk jalanan bekasi mau pesen ojol gaada yg nyangkut juga kmrn tuh,1
setuju mas lebih mudah jika jadi presiden mengendalikan banjir jakarta jika gubernurnya mau bersinergi dengan pemerintah pusat melalui kementrian pupr nah bisanya hanya narasi dan merangkai katakata saja yah kelelep warga jakarta,0
om mana temen temen lu dari jakarta banjir nooh waktu pak anies jadi gubernur lu pada berisik sekarang mingkem uda kaga ada lagi yaaaaah yg mesen buat berisik,0
kok kecewa sama pak pak bukankah pak sdh menyatakan soal banjir jakarta itu adl tanggung jawab pemerintah pusat pak basuki jgn ikut on jugalah,0
media asing soroti banjir di bekasi amp jakarta hal ini disebut,1
bogor hujan gede hampir setiap hari banjir longsor banyak kerjaan diluar rumah jadi takut kemanamana,1
asli kegiatan polri bantu korban banjir di bekasi n depok keren abis cek langsung di sini link,2
personel korps bhayangkara langsung terjun ke lokasi banjir di bekasi depok dan wilayah yang mengalami banjir untuk mengevakuasi masyarakat menggunakan perahu karet dan peralatan memadai lainnya,2
admin pemkot lg kena banjir kali,1
personel korps bhayangkara langsung terjun ke lokasi banjir di bekasi depok dan wilayah yang mengalami banjir untuk mengevakuasi masyarakat menggunakan perahu karet dan peralatan memadai lainnya,2
sudah tgl januari masih banyak yang menyalahkan pemerintah dki jakarta soal banjir,0
banjir melanda jakarta dan hujan lebat masih berpotensi hingga beberapa hari ke depan yang bsia menimbulkan banjir yang lebih parah solusi jitu belum terlihat justru langkah antisipasi pusat tidak sejalan dengan pemerintah daerah,0
gerak cepat polri di lapangan saat banjir ini patut diacungi jempol semoga para korban di bekasi amp depok segera pulih,2
sempat terendam banjir rsud kota bekasi kembali beroperasi normal,1
update banjir besar jakarta rt dan ruas jalan masih terendam pagi ini,1
gubernur dki jakarta pramono anung menyebut bahwa banjir di sejumlah wilayah jakarta saat ini diakibatkan kiriman air dari hulu atau daerah penyangga pramono mengatakan akan mengambil langkahlangkah antisipasi termasuk modifikasi cuaca dan pengaktifan status siaga bencana,2
personel korps bhayangkara langsung terjun ke lokasi banjir di bekasi depok dan wilayah yang mengalami banjir untuk mengevakuasi masyarakat menggunakan perahu karet dan peralatan memadai lainnya selain evakuasi warga polri bersama instansi terkait telah mendirikan posko,2
pemerintah provinsi dki jakarta menggandeng instansi untuk menanggulangi banjir di jakarta yang terjadi sejak rabu lalu sumber photo berita,2
bekasi banyak tempat yg kena banjir kaga ada yg nyalahin pemerintah kan okee lebih beradap,1
bravo buat polisi pjr cikampek atas bantuannya bagi para pekerja pengguna sepeda motor yg terisolasi banjir utk dapat lewat tol demi bisa bekerja di kawasan jakarta,2
atasi banjir akibat kali bekasi pemerintah siapkan rp triliun untuk normalisasi,2
tumben jakarta banjir ga berisik,1
kalo dah tahu langganan di era siapa yg paling buruk kinerja menangani banjir dengan curah hujan di atas rata antisipasi gampang masalah jakarta itu ada di pemerintah pusat kata gubernur terpilih periode sebelumnya cacat logika,0
good job polri bantuan cepatnya sangat membantu meringankan beban korban banjir di bekasi dan depok,2
jabodetabek banjir mo salahin siapa pemerintah yang buang sampah sembarangan siapa terus yang harus bertanggung jawab siapa yang menanggulanginnya siapa,0
ga bakal kejadian kan di indo mah gmn warga bekasi ini liburan setelah banjir gmn yg pas banjir,1
bekasi noh banjir urusin malah urusin hal receh,0
banjir makin tinggi listrik padam air juga mati duh nikmat banget ujian banjir ini,1
hmm giliran banjir nyalahin pemerintah buang sampah udah ditempatnya lom,1
bangga sama aksinya polisi bekasidepok nih gercep bantu pas kejadian banjir lanjutkan,2
baru ngeh kan bekasi banjir ya trs paket gmn dahh,1
dibalik banjir jakarta setiap terjadi banjir besar di wilayah jakarta saya ingat dulu ada gubernur dki yang bilang bahwa untuk mengatasi banjir dan macet di jakarta itu akan lebih mudah jika ia jadi presiden ri kenapa demikian karena mencegah banjir dan macet di jakarta itu,0
menteri pkp maruarar sirait tinjau lokasi dan koordinasi penanganan banjir bekasi,2
pemerintah memutuskan untuk memberikan kompensasi kepada seluruh masyarakat korban banjir di dki jakarta jawa barat dan banten kompensasi ini diberikan sesuai dengan kriterianya menteri pekerjaan umum dan,2
personel gabungan tnipolri mengevakuasi warga terdampak banjir di perumahan asri sawangan depok jawa barat pada selasa termasuk seorang pria yang membutuhkan cuci darah di rsud sawangan,2
polres metro depok memberikan bantuan kepada warga terdampak banjir di perumahan sawangan asri di rt rw kelurahan sawangan baru kecamatan sawangan ini semua bentuk siaga berikan pertolongan polri kepada korban bencana mari kita semua harus,2
semoga banjir jakarta dan bekasi lekas surut dan masyarakat terdampak segera dapet bantuan,1
bnpb menyebut banjir terjadi akibat hujan deras serta kiriman air dari wilayah bogor yang membuat debit sungai meningkat drastis,1
banjir jakarta mau kiriman dari bogor mau kiriman dari tuhan gubernur wkl gubernur prematur gak becus kerja gak mampu urus jakarta makan gaji buta,0
di setiap langkah bhayangkara selalu ada tak gentar menghadapi tantangan polri hadir untuk melindungi dan membawa rasa aman bagi masyarakat dalam penanganan banjir di beberapa wilayah seperti bekasi depok dan pesanggrahan polri siaga berikan pertolongan dan tetap memberikan,2
masa ga boleh marah sama orang yg ngasih pertanyaan itu banjir di bekasi beneran banjir kek hahhhh kalo deket udh w empossss,0
banjir surut di perumahan kejaksaan ri bekasi warga butuh air bersih,1
kementerian sosial kemensos melalui direktorat perlindungan sosial korban bencana alam pskba mengalokasikan dana sebesar rp juta untuk penanganan bencana banjir yang melanda wilayah dki jakarta,2
siapa pemilik mega mal bekasi yang terendam banjir ini sejarah pembangunannya,1
polisi warga bekasi solid team buat lawan banjir,2
banjir mungkin adalah hal baru bagi sebagian warga yg blm pernah terkena dampak tapi itu bukan hal yang baru bagi pemerintah jakarta tapi penanganannya terkesan kurang lebih sama setiap tahun cmiiw,0
pemerintah pusat ambil alih anies penanganan banjir bisa diselesaikan oleh lurah lha fungsi and kerjanya gubernur apaan akhirnya pemerintah pusat ambil alih penanganan banjir jakarta,0
duit rakyat berasa ga iklas bener kerjaan pemerintah nya begini itu kasian yg kena dampak banjir perhatiin tugas kalian itu hak rakyat dapet pelayanan dari kalian bulan puasa bukannya pada mikir yg bener,0
ini yg lgi parahnya banjir jakarta kenapa di x gue isinya buzzer pak mul dan anaknya dah apa bayar ya ke x hehe,0
kenyataannya sampai sekarang lahan di bidara cina ini belum dibebaskan jd soal penataan sungai yang jd upaya penting dalam pengendalian banjir itu sebenarnya kerja bersama pemerintah pusat melalui kementerian pupr pemerintah propinsi dki jakarta dan pemerintah propinsi jabar,0
ini sih bukan mengkritik tp menggiring narasi sesat menyamakan pindah status ibukota itu adalah solusi penanganan banjir jakarta lucu lihat si tope apa gak malu punya kader dgn kwalitas seperti ini,0
banjir di kota jakarta kabupaten bogor kabupaten bekasi dan kota bekasi serta kabupaten tangerang,1
personel korps bhayangkara langsung terjun ke lokasi banjir di bekasi depok dan wilayah yang mengalami banjir untuk mengevakuasi masyarakat menggunakan perahu karet dan peralatan memadai lainnya,2
curah hujan dan alih fungsi lahan memicu bencana di kawasan puncak bogor jawa barat selain banjir bencana di sana berupa longsor hingga banjir bandang,1
ternyata ka uyung kena musibah banjir stay safe ya kak semua rakyat planet bekasi yg kena dampak banjir juga stay safe yhh,1
sebagai langkah antisipasi terhadap cuaca ekstrem pemerintah kota depok telah menetapkan status siaga darurat bencana banjir cuaca ekstrem angin putting beliung serta tanah longsor hal tersebut berdasarkan keputusan wali kota depok nomor kptsdamkarhuk status,2
curhat korban banjir bekasi tak dapat bantuan evakuasi,0
pemerintah kota bekasi jawa barat mencatat sebanyak sembilan orang tewas dan terserang penyakit pada saat banjir maupun pascabanjir,1
alhamdulillah pemerintah memutuskan untuk memberikan kompensasi kepada seluruh masyarakat korban banjir di dki jakarta jawa barat dan banten kompensasi ini diberikan sesuai dengan,2
mengatasi banjir di jakarta kayaknya gak susah susah amat kok,0
menag nasaruddin umr bantu korban banjir bekasi saat ramadan pahalanya berlipat ganda,2
minbeks mau tanya soalnya banyak yg bertanya kok tumben banjir kemarin area langganan banjir prumnas dan taman alamanda ga terdampak banjir apakah berbeda aliran sungainya dgn daerah bekasi yg kebanjiran,1
salut buat polri gerak cepat bantu korban banjir bekasi dan depok semoga kebaikan terus mengalir,2
personel gabungan tnipolri mengevakuasi warga terdampak banjir di perumahan asri sawangan depok jawa barat pada selasa termasuk seorang pria yang membutuhkan cuci darah di rsud sawangan di tengah kepungan banjir setinggi meter evakuasi dilakukan dengan,2
update insiden banjir dki warga keluhkan alat peringatan dini yang tak berbunyi di jakarta selatan,1
loh saya setuju sama masnya di tulisan keenam saya kan saya jelaskan kita semua sedang menuntut pemerintah mulai peduli soal iklim yg saya kritik dlm konteks banjir jakarta kekecilan kalo cuma marah sama anies atas banjir jakarta marah sm anies jokowi minta yg byk,0
tinjau banjir di lapas cikarang dirjenpas pastikan layanan warga binaan tetap berjalan cikaranag info pas musibah bajir di berbagai daerah di jakarta dan jawa barat turut dirasakan beberapa unit pelaksana tekhnis pemasyarakata di antaranya lapas dan bapas cikarang,2
personel gabungan tnipolri mengevakuasi warga terdampak banjir di perumahan asri sawangan depok jawa barat pada selasa termasuk seorang pria yang membutuhkan cuci darah di rsud sawangan,2
imbas tingginya curah saat ini terjadi air di km a ruas tol jakartatangerang saat ini sedang dalam penanganan oleh petugas di lokasi sementara waktu bahu luar tidak dapat dilintasi mohon maaf atas ketidaknyamanan yang dialami,1
di wag organisasi malah pada ribut soal pemerintah dan siapa yg salah me kalian daripada ngebacot terus mending buka posko di jakarta atau kota lain terdampak banjir kalau ga bisa jadi manusia lain kali ga usah soksokan ngomong soal perjuangan rakyat taik kucing lah,0
menanggapi viralnya video sang istri yang kedapatan menginap di hotel saat wilayah bekasi di kepung banjir wali kota bekasi tri adhianto buka suara ia mengonfirmasi bahwa dirinya dan keluarga menginap di hotel karena mengetahui kompleks tempat tinggalnya di kemang pratama,0
komisi d dprd provinsi dki jakarta mendorong pemerintah provinsi pemprov merealisasikan target juta drainase vertikal sebagai upaya penanganan banjir,2
detikdetik motor listrik buatan indonesia terjang banjir bekasi motor jepang dibuat malu,1
low pressure system di barat sumatra bergerak menjauh ke selatan indonesia namun pergerakannya justru mendorong sel awan di sisi timur ke wilayah pulau jawa waspada hujan intensitas lebat mulai tanggal malam hingga pagi hari,1
tim mcdonald indonesia berbagi bersama pmi kota bekasi menyalurkan bantuan berupa box makanan siap santap dan air minum mineral untuk korban bencana banjir di kota bekasi rabu cc,2
pemkot bekasi sewa truk angkut sampah sisa banjir pemerintah kota pemkot be,2
banjir bandang melanda puncak bogor analisis dan solusi dari pakar hidrologi,1
paket gua ketahan di depok karena banjir yang jadi pertanyaan kenapa harus ke depok dulu,1
rt di jakarta masih terendam banjir,0
iya ya bukan hanya di bogor sih di palembang juga ka ada yg bulan banjir ga reda taunya ya itu emg jalur sungai yg ditimbun tapi kok bisa kekuar imb nya,1
jadi inget foto yg lagi manjat pagar tangga pas banjir jakarta tempo dulu,1
bawah jembatan summarecon yg deket walkot ga ka kalo iya dsitu udh surut sih aku lewatnya searah rel sih ka itu yg masih ada banjir skitaran kranji,1
eng ing eng hasil rapat di malam hari inilah kenapa ruu kejaksaan kudu musti ditolak anies sahur telur bekasi banjir menteri,1
dampak banjir di bogor demi keselamatan warga gubernur dedi mulyadi ancam cabut izin wisata,0
usai diterjang banjir sejumlah titik di bekasi diendapi lumpur pemerintah kota pemkot bekasi akan menyewa truk sampah dan backhoe untuk pembersihan lumpur,2
personel gabungan tnipolri mengevakuasi warga terdampak banjir di perumahan asri sawangan depok jawa barat pada selasa termasuk seorang pria yang membutuhkan cuci darah di rsud sawangan di tengah kepungan banjir setinggi meter,2
personel korps bhayangkara langsung terjun ke lokasi banjir di bekasi depok dan wilayah yang mengalami banjir untuk mengevakuasi masyarakat menggunakan perahu karet dan peralatan memadai lainnya,2
ini alasan jakarta banjir,0
bekasi banjir karna apa guysapa kirimin dari bogor lagi,1
coba dengerin baik ocehan pakde ini tolong bantu viralkan saja gaess yang tanggujawab adalah pemerintah pusat katanyee clear ya gaeaas,0
polres bogor bersama tim gabungan bantu korban bencana banjir kecamatan cisarua si dokkes polres bogor berikan pelayanan berupa pengobatan gratis untuk korban banjir tersebut dan polwan polres bogor lakukan kegiatan trauma healing,2
keren banget aksi polri buat bntu ngevakuasi korban banjir di bekasi amp depok beneran nyata siaga buat warga keep up the good work link,2
lebih dari pengendara sepeda motor melintasi ruas tol cibitungtanjung priok dari arah bekasi ke jakarta diskresi diberikan oleh pjr cikampek karena ruas jalan di sekitar dikepung banjir,2
tolong dibaca jangan nyalahin gubernur cuaca gabisa diprediksi jakarta udah terlalu padat harus adanya reboisasi kalo bangunan terus yg dibangun banjir dijakarta gabakal pernah usai dan mindset pun harus dirubah jangan terus terusan pemerintah yg disalahin intropeksi,2
penanganan dan pemulihan dampak banjir bekasi,1
banjir bandang melanda cisarua bogor pada senin mengakibatkan satu warga tewas terseret arus hujan deras yang mengguyur sejak pagi memicu luapan air dan merendam permukiman tim gabungan telah dikerahkan untuk evakuasi dan penanganan dampak bencana,2
di setiap langkah bhayangkara selalu ada tak gentar menghadapi tantangan polri hadir untuk melindungi dan membawa rasa aman bagi masyarakat dalam penanganan banjir di beberapa wilayah seperti bekasi depok dan pesanggrahan polri siaga berikan pertolongan dan tetap memberikan,2
banjir jakarta bagaimana,0
woi bekasi lagi banjir tuh mana buzzer nya kerja dong,0
walikota bekasi check ngungsi ke hotel banjir surut damkar suruh ke rumah,0
sekarang banjir banyak dimana mana gua penasaran apakah gubernur jakarta yang sekarang bakal menggunakan solusi yang sudah dilakukan gubernur sebelumnya terkait resapan air yang di buat anies atau tetep menutup si resapan air tersebut seperti yang dilakukan heru kemarin,0
terima kasih polri udah bantu korban banjir di bekasi amp depok dengan giat tuntas dan penuh dedikasi,2
polwan polres metro jakarta timur gelar trauma healing untuk anak anak kiban banjir,2
jadi ada namanya daur air air yg ga terserap jadi air limpasanmasuk ke sungai semakin banyak yg terserap jadi air tanah maka air nya ga kayak air bah bogor puncak dan sekitarnya punya fungsi sbg kawasan lindung air yes bisa mengurangi banjir bah macem kemarin jadi memang,1
anak lakilaki berinisial a yang menjadi korban terseret arus kali ciliwung tak memakai pelampung saat evakuasi banjir di kebon baru tebet jakarta selatan pada selasa,1
banjir yang melanda kota tangerang diawal membuat pemerintah kota tangerang harus bekerja ekstra keras wali kota tangerang arief r wismansyah telah menginstruksikan seluruh jajarannya hingga ketingkat,1
urusan banjir yang paling penting adalah berkaitan dengan keselamatan warga dinomorsatukan bnpb pemerintah provinsi sar semuanya harus segera bergerak bersamasama kata presiden cc,0
ntah krn tolol atau lupa krn pikun akibat penuaan walikota solo bilang gini dulu kelihatannya banjir dan macet jakarta ga susah bgt ketika dah jadi gub jkt banjir n macet hny bs d atasi jika jd presidenstelah jd presidenhasssuuuuuu plus pemujanya,0
banjir melanda bekasi pada selasa dini hari maret banjir tersebut merupakan kiriman dari wilayah bogor melalui kali cileungsi badan penanggulangan bencana daerah bpbd kota bekasi mencatat tinggi muka air tma pada top level mencapai sentimeter dua kali lipat,1
wakil gubernur wagub dki jakarta rano karno meninjau kawasan terdampak banjir kali grogol di jalan kamboja rt lebak bulus cilandak jakarta selatan,2
fasilitasi tenda ramah ibu dan anak terdampak banjir,0
di rumahku teluk pucung seatap banjir kiriman udh hari berturut dari day ramadhan puncaknya kemarin pemdanya korup,0
banjir dan macet jakarta akan mudah diatasi jika saya jadi presiden anomali,0
salut buat polri yg cepat bantu n evakuasi korban banjir di bekasi n depok keren banget liat videonya di sini link,2
pkb dorong sinergi pemerintah atasi banjir dan longsor di kota depok,1
pemerintah kota bekasi mulai mengantipasi bencana banjir susulan dengan menyiagakan perahu karet dan alat keselamatan,2
jakarta bekasi bogor depok tangerang dan sekitarnya dilanda banjir sejak dua hari ini jurnalis watchdoc pun sudah terjun meliput di wilayahwilayah terdampak banjir sama seperti lima tahun lalu pada banjir hasil liputannya menjadi serial dokumenter berjudul jakarta,1
contoh orang gak punya otak kenapa gak nyalahin yg bilang kalau sudah jadi presiden akan lebih mudah mengantasi banjir jakarta modal conthong doang,0
betapa cuan ny bengkel di jakarta after banjir,1
presiden sidak di pompa waduk pluit akhirnya pemerintah pusat ambil alih penanganan banjir di ibukota ini suatu tindakan yg tepat dan bijak untuk mengatasi masalah banjir di jakarta karena gubernur nya gak becus kerja mengatasi masalah sampah dan banjir,2
kejaksaan harusnya berbenah diri dulu bersih dari yg kotor masih tembang pilih kasus jgn teriak minta imun tambahan ujian luhut pak tom baim bekasi banjir pagiii,0
video mobil terendam banjir pemilik minta mal mega bekasi tanggung jawab,1
gubernur dki jakarta pramono anung mengklaim banjir kiriman yang melanda sebagian wilayah di jakarta pada senin sudah jauh berkurang sejak adanya waduk ciawi dan sukamahi pramono menyatakan pemprov dki tetap waspada mengantisipasi terjadinya banjir kiriman yang sewaktu waktu,2
tol mah aman sis asal jangan keluar tol bekasi barat tapi udah surut kook di jalan mah tinggal yg di rumah kasian krl kemarin sempat ditutup bentar tp beroperasi lg di tengah banjir keknya banjir tetep kudu kerja,1
baru tau itu milik nya pemerintah jabar kirain swasta adeuhhh knp ngerusak hutanbkn memberi contoh kpda korporasimasyarakat yg mengabitkan dampak lingkungan hancur dan akibatnya banjir bandang bukan hnya daerah setempat tapi daerah sekitar nya jkt bekasi dll,0
sisi warga korban banjir mengharapkan langkah yang konkrit dari pemerintah dalam penanganan banjir,0
gaada tapi titik banjir berkurang drastis jaman gubernur kapir krn pemerintah pusat dan pemerintah daerah kerjasama pmerintah psat sipain infrastruktur bgn bendungan di bogor koordinasi kwsan pmerintah daerah yang keruk sungai gusurin rumah pinggir sngai,2
imbas banjir listrik di stasiun bekasi padam ganggu operasional krl,0
kaga banjir anjrt rmh gwe mah bekasi premium,1
hebat banget polri bener tanggap bgt bantu warga terkena banjir di bekasi amp depok sungguh kepedulian yg luar biasa tonton aksinya,2
polres bogor bersama tim gabungan bantu korban bencana banjir kecamatan cisarua pasca banjir bandang yang melanda beberapa desa di kecamatan cisarua kabupaten bogor membuat rumah korban ditutupi lumpur polres bogor bersama tim gabungan terus membantu,2
bukan curah hujan gubernur jakarta pramono anung sebut banjir di jakarta karena air kiriman,0
jakarta oh jakarta langganan banjir tiap tahun semoga warga selalu diberi kesabaran dan bantuan segera datang,1
banjir jakarta penuh sampah pasukan oranye dikerahkan,2
jakarta banjir bukannya bantu pemerintah nanganin banjirnya malah dibuat mainan,0
gubernur mu aja gk bisa kerja dan kerjasama dgn pemerintah pusat gmn banjir bisa di atasi jakarta msh wewenang gubernur dia tangan pertama yg harus menangani klo tangan pertama tidak becus harusnya dipotong saja pa,0
stay safe everyone pray for bekasi turut berduka atas bencana banjir di bekasi semoga para korban diberi kekuatan keselamatan dan segera mendapat bantuan mari kita saling dukung untuk pulih bersama,1
woy raja julid jakarta banjir noh lu nyinyirin,0
personel korps bhayangkara langsung terjun ke lokasi banjir di bekasi depok dan wilayah yang mengalami banjir untuk mengevakuasi masyarakat menggunakan perahu karet dan peralatan memadai lainnya,2
personel gabungan tnipolri mengevakuasi warga terdampak banjir di perumahan asri sawangan depok jawa barat pada selasa termasuk seorang pria yang membutuhkan cuci darah di rsud sawangan,2
kudos to polri yg udah relawan banget bantu korban banjir di bekasi dan depok solidaritasnya bikin salut terus semangat bantu sesama ya,2
wakil cuma bisa ngomong kebijakan tetap di tangan gubernur biarkan mereka bekerja lebih dulu urusan banjir saat ini alam yg berkehendak jakarta saat ini belum mampu klu wilayah atas diguyur hujan seminggu lebih,0
guyss yang kena banjirr stay safee yaa ngeri bgt liat berita bekasi nyampe meter banjir nyaa,1
bekasi emang strategis apalagi ke jakarta low cost living perumahan juga murah tapi emang gue saran jangan tinggal di bekasi deh ini kota gubernur dri dulu pada gak becus udh ganti berkali padahal sering banjir air sering mati kotor juga klo di pemukiman kriminal kyk,0
banjir bekasi terjadi pada selasa banjir yang merendam ratusan rumah disebabkan hujan deras dan meluapnya kali bekasi ketinggian air diperkirakan mencapai lebih dari meter,1
damn im sorry jakarta oomfies banjir dari bogor,1
bukannya bikin proyek untuk mengatasi banjir gini bekasi mah malah banyakin proyek pembangunan mall dan terima proyek pembangunan psn untuk jakarta yg dampaknya bikin macet total emang tolol pemda bekasi nih gubernur jawa barat juga samanya diem doang,0
jabodetabek banjir bekasi pun lumpuh jika bicara diluar konteks alamiah amp takdir maka kita bisa bicara dan analisa yg bersifat anti mainstream modifikasi cuaca geo engineering dan haarp para eg punya toolsnya kita tak sadari,1
ooh jadi kewenangan pemerintah pusat toh kalau jakarta banjir karena datangnya dari atas,0
kak kalau jl bukit tunggal raya masih banjir ga ya gang sebelum rs mitra,1
perlu adanya solusi jangka panjang untuk mengatasi banjir di jakarta,0
kenapa gak pas kampanye dulu bilang soal banjir dki akan saya serahkan ke pemerintah pusat katanya gampang atasi banjir cangkeme anies njaluk disuwek anies baswedan serahkan penanggulangan banjir besar jakarta ke presiden jokowi dan menteri pupr,0
imbas banjir di jakarta pramono siapkan kampung siaga bencana,2
mau nanya dong kak ini banjir nya darimana ya padahal itu ga hujan kan ya air sungai kah btw staysafe ya kalian warga bekasi jakarta,1
jangan bisa nya cuma menyalahkan pemerintah mari introspeksi diri masing,1
banjir rendam wilayah timur kota tangerang pemkot siapkan bantuan transportasi dan logistik,2
pemerintah provinsi dki jakarta pada kemana masa kini koq banjir gk ada hentihentinya sihh,0
hehehe pak jokowi ri sidak waduk pluit cek pompa jalan susah jika tidak pakai otak amp fakta cuma nuduh amp ini yg banjir sudah propinsi selain jakarta kenapa ya tidak diributkan di jabar amp banten sepatutnya ini pemerintah pusat yg turun tangan amp allah swt negur,0
x mau cod sm org bekasi mobil nya pd bekas banjir jir,1
relatif jarang banjir tapi sekalinya banjir pernah sampai masuk mrt taipei mrt taipei stop operasi beberapa bulan karena hal ini sampe sekarang tanda ini masih bisa dilihat di stasiun taipei amp lainnya sebagai sejarah semoga mrt jakarta ga sampe mengalami hal ini,1
jakarta dikepung banjir kiriman gubernur pramono anung sebut curah hujan rendah bukan penyebab utama,1
belom ada yang bikin mapping arah banjir kiriman itu dari sungai mana ke mana ya yg pasti dr dari sungai di dataran tinggi ke rendah tp ini banjirnya dr bekasi jaktim jakbar semua dataran rendah di bawah bogor kena imbasnya dan widespread bgt,1
waduh banjir bekasi makin tinggi udahan nangisnya,1
bogor banjir begitu lu tenggelam gak,1
hah baru liat nangis depok banjir amit amit menjiwai banget bukan ini memang jiwanya babygirlism yang kental mengalir deras dalam darahnya,1
demokrat minta pemkot bekasi perbaiki tanggul jebol ketua dpc kota bekasi ronny hermawan mengatakan pemerintah harus segera bertindak merespons infrastruktur yang mengalami kerusakan akibat banjir terutama tanggul yg jebol,0
bkt udah setinggi ini ini kalau ga ada bkt sekitaran jaktim bekasi perbatasan dan jakarta utara banjir ini dulu solusi banjir setelah banjir besar tahun,0
yth bapak jakarta akan terus sperti ini dan bisa lebih parah lg itu banjir kemacetan kota yg makin semrawut pkl tidak pada tempatnya untuk itu saya usul agar dinas pekerjaan umum dinas perhubungan diambil alih oleh pemerintah pusat,0
rakyat sedih liat rumahnya banjir makin sedih liat pejabat tdk punya solusi atasi banjir tahunan atau banjir langganan malah kabur dari jakarta buka lahan baru yg nantinya akan banjir lagi,0
for sale kavling at kapuk kamal raya jakarta barat luas m meter shm hok full pager keliling lokasi akses truk dan kontener feet cocok untuk gudang dan workshop jalan sudah full cor dan bebas banjir akses ke toll cm km lebar muka meter harga jtm nego,1
pemicu utama banjir di jakarta adalah air yang parkir,1
also the natural disasters are so real banjir jabodetabek kebakaran hutan di la what else bogor aja ada badai source oomf tp pemerintah indo ngapain coba ada action buat kondisi bumi yg udah mendidih dan bakal cooked and burnt ga,0
jakarta bekasi dan sekitarnya banjir meneguhkan kpd kita semua bahwa tidak ragu lagi bahwa ibukota harus dipindah yaitu di ikn jabodetabek sdh berat menanggung beban beban ekologis lingkungan dan sosial,0
yang banjir di jakarta yang dikejar rakyat yang di jogja kerja pak jangan main sosmed mulu pizza hut delivery nya dipake sekelas menteri omongannya begitu,0
kenapa kalo jabodetabek banjir bilang nya kiriman dari bogor ada yang bisa jelasin,0
ini mah bukan masalah vokal gak vokal warganya bang bekasi itu jatuhnya kota jakarta provinsi dan ibu kota jadi pasti lebih disorot sama media jakarta banjir mah orang luar jakarta juga ikut nimbrung isunya dan jelekin pemerintahannya terlebih lagi kalo yg jadi gubernurnya,0
dprd dki jakarta dorong pengerukan sungai untuk atasi banjir,2
korban banjir bekasi terakhir begini kadang mikir pemerintah apa ga ada usaha biar selanjutnya ga ada kejadian banjir kiriman lagi ya,0
grak cepat pemprov dki antisipasi potensi gugatan class action banjir pemerintah provinsi dki jakarta telah mmbahas antisipasi adanya potensi pengajuan gugatan perwakilan kelompok class action lawsuit terkait banjir pada januari oleh masyarakat,2
nah loh ada apa ini kok rapatnya tertutup ada yg ditutup tutupi kah makin curig aja ruu kejaksaan kepengen cepet di sahkan ternyata ada maksud tersembunyi tah anies sahur telur bekasi banjir menteri,0
maaf ketua masih teringat perkataan ketua yee jakbar banjir tapi yg banjir kota ketua win maaf pecanda ketua krn lucu aja,0
gokil surutnya cuma beberapa centii doang duren jaya bekasi timur masih banjir bang pict by ketua katar kel duren jaya,1
mau ganti gubernur sampai hari kiamat jg akan tetap banjir selama jakarta mjd tempat tujuan akhir air hujan dari daerah sekitarnya,0
calming sekali dengar ini suka banget hujan tapi turut prihatin dengan bencana banjir yang terjadi di jakarta dan sekitar semoga para korban diberi keselamatan dan banjir segera surut,1
doa untuk korban bencana banjir di bekasi,1
urusan banjir aja woy psijakarta bekasi kerendem biasanya lu koar,0
sahabat rpk pemerintah provinsi dki jakarta telah membahas antisipasi adanya potensi pengajuan gugatan perwakilan kelompok class action lawsuit terkait banjir pada januari oleh masyarakat liputan,2
ya karna herbud ga ada action apaapa di era nya dia sumur resapan hampir semuanya ditutup di era dia juga jakarta lebih sering banjir kan,0
deymn melebihi banjir bekasi,1
wakil menteri pekerjaan umum diana kusumastuti buka suara mengenai penyebab banjir banjir yang melanda sejumlah wilayah di jakarta depok tangerang dan bekasi jawa barat diana di kompleks istana kepresidenan jakarta selasa kemarin mengatakan biang kerok banjir bukan akibat,1
sejumlah warga jakarta yang jadi korban banjir pada januari akan menggugat pemerintah provinsi dki jakarta secara perdata di pengadilan,0
mas anis jakarta banjir,1
kalo satu kuadraliun itu gak dikorupsi mungkin jakarta gak bakal banjir,0
badan penanggulangan bencana daerah bpbd jakarta menyampaikan sebanyak rt masih terendam banjir jumlah tersebut merupakan data pada rabu pukul wib sementara dua ruas jalan masih tergenang berikut daftarnya gtgt,1
minggu lalu wktu itu gue mimpi jkt kena tsunami lah kemarin bekasi bogor banjir,1
lo lihat ga postingan yg kena banjir di bekasi dr pemerintah aja ga ada bantuan apalgi dr kaum joged,0
genangan masih ada di kawasan jalan kedoya garden jakarta barat tetapi di pemukiman sekitarnya yaitu di jl adhi karya gg benda kedoya jakarta barat sudah surut dan warga sibuk membersihkan rumah bekas banjir,2
polisi sigap bantu warga bekasi yang terkena banjir terima kasih atas dedikasinya,2
tinjau banjir di lapas cikarang dirjenpas pastikan layanan warga binaan tetap berjalan,1
maling kundang udah jadi batu mana bisa ngatasin banjir jakarta,0
herannya masih ada aja kaum dengki yg nyinyirnyalahin gubernur terkait banjir sementara msh ada penjelasan yg lebih logis dr infografik udah jelas kalo mau ngatasin banjir jakarta skalanya udah makro butuh koordinasi antarpejabat wilayah sampe pemerintah pusat jelas,1
personel polisi wanita polwan memberikan trauma healing ke korban banjir di posko pengadegan jakarta selatan jaksel kapolsek pancoran kompol sujarwo mengungkapkan trauma healing tersebut diberikan kepada orang dewasa maupun anakanak,2
partai kembang gula itu bukan peduli warga jakarta tapi benci beda kan antara partai yang peduli warga jakarta sama partai benci personal tandai tuh partainya sekarang jakarta banjir mereka diemdiem bae hmmmm,0
biar banjir ini tidak terulang lagi atau minimal tidak separah ini sudah sewajibnya setelah musim hujan berakhir pemerintah jakarta dan sekitarnya harus mulai membuat infrastruktur pengendali air yg muktahir dan kepada masyarakat agar ikut serta menjaga lingkungan,0
presiden jokowi mengatakan untuk korban banjir dan longsor di kecamatan sukajaya kabupaten bogor yang ditinjau selasa pagi tadi januari akan diberi bantuan penuh oleh pemerintah pusat baca selengkapnya klik,2
metropolitan mall bekasi dan sekitarnya banjir besar terakir lalu dampak penahanan arus air tanah konstruksi projek toll becak ayu si mulyono,1
kenapa sih bekasi selalu jadi langganan banjir karena bekasi itu daerah dataran rendah ketika hujan lebat yang awet dan dapat kiriman dari bogor pasti banjir makanya ga heran di bekasi banyak daerah dengan nama rawa ya karena emang rawa dulunya saya aja di rawa bebek,1
situasi ini membutuhkan sinergi pemerintah pusat dgn pemerintah propinsi dki jakarta jawa barat dan banten serta pemkab kota di bawahnya semoga allah melindungi kita semua gelorakan semangat indonesia,1
itu si mira oon juga dikiranya penanggulangan banjir urusan jakarta yg dihilir lha hulunya dibogor juga harus ditata kalo sungai lintas provinsi itu tanggung jawab pemerintah pusat,0
banjir min puncak bogor banjir mah udah its over sini bagian bawahnya parah emg kalo kiriman bener bener tautau udah tinggi aja,1
rabu maret banser tanggap bencana membagikan takjil dan nasi untuk buka puasa ke para pengungsi korban banjir di pasar baru cikarang bekasi,2
coba anies masih jadi gubernur jakarta banjir bekasipun bakalan dia yang disalahin lol,0
jadwal pertandingan liga champion malam ini nonton amp pasang taruhan di exabet,1
juara banget polri buat evakuasi banjir di bekasi dan depok respect lah liat disini,2
pemerintah siapkan rp ribu untuk korban banjir yang terdampak parah di banten dki jakarta dan jawa barat,2
allahhh maaf jakarta banjir itu gue nangis lg,1
banjir jakarta siaga pramono anung soroti sampah yang menumpuk di pintu air manggarai,1
warga jatiasih menduga banjir terjadi akibat tanggul sungai cikeas yang tidak mampu menampung volume air kiriman dari bogor,1
sabarnya pak jokowi jokowi sudah bolak balik saya jelaskan banjir jakarta kewenangan pemerintah pusat,1
dari kemaren mantau berita banjir bekasi sedih bngt gak kebayang kalo di posisi itu gimana cara iklasinnya yaa apalagi kalo gak sempet nyelametin laptop,1
salam pagi saat jadi gubernur jakarta banjir itu mengetasinya adalah wewenang pemerintah pusat setelah di memimpin pusat mikirnya ibu kota dipindahkan orang model begini jadi pemimpin nanya doang kok,0
salut buat dedikasi polri di bekasi dan depok penyaluran bantuan dan evakuasi yang cepat membantu warga terdampak banjir yuk lihat cuplikannya di,2
banjir jakarta timur pmi jaktim salurkan bantuan dan kerahkan relawan,2
nah selama pemerintah masih ginigini aja kebijakannya masalah banjir nggak bakal selesai bener sampah punya pengaruh tapi lebih dari itu secara geografi emang jakarta dan banjir adalah sahabat karib,0
banjir di kemang pratama rawalumbu juga merendam rumah wali kota bekasi tri adhianto ia bersama keluarga mengungsi ke hotel horison bukan ke tenda pengungsian warga berharap pemerintah segera mengambil tindakan nyata,0
jujur berterimakasih unt orang yg udah nanyain kabar ttg banjir tp berlanjut emang yg jebol dimana kok bisa parah di daerah itu katanya bekasi kota parah ya pake lah sosmed buat mencari itu semua gw bukan pemkot ngurusin rumah aja udah lelah,1
memang banjir kiriman dr bogor,1
aku sebenarnya turut simpati sama banjir jakarta tp dg nyalahin pemerintah dn kita ga berubah dan ga cari tau solusi banjir itu lebih salah satu orang yg bilang buang sampah pd tempatnya bakal bisa ngubah lebih dr juta org,2
oh ini ya otak di belakang yg dulu sering menjadikan banjir jakarta jadi serangan politik bagi gubernur jakarta,0
kenapa setiap tahun jakarta selalu banjir apa solusinya,1
beberapa hari ini bogor hujan dari siang sore sampai malem deres banget bogor longsor dimana mana jalan ambles bahkan sampe banjir apalagi jakarta bekasi sekitarnya pasti kena dampak banjir juga stay safe everyone,1
salut buat polri yg sigap bgt dirikan dapur lapangan jam ini bantu bgt buat korban banjir di pondok gede permai bekasi lanjutkan terus aksi kemanusiaannya,2
hallo min jl ranjau rt aren jaya bekasi timur terjadi pemadaman listrik sedangkan daerah kami tidak terjadi banjir mohon bantuannya,1
indonesia darurat bencana pemerintah pusat harus tanggap bencana banjir hujan terus melanda jawa barat dan sekitarnya jakarta di siram lagi dari bogor waspada warga jakarta,0
kondisi terkini kali ciliwung dilihat dari jalan mt haryono air kali mulai terlihat surut dibanding kemarin debit air kali ciliwung di jakarta tergantung kiriman dari bogor video kiriman,1
benerr lagiii mana tiap tahun rumah sama toko gua langganan banjir,1
solusi pengendali banjir mendesak untuk wilayah aglomerasi jabodetabek fokuslah pada strategi dan solusi jangka menengah dan panjang semoga kepala daerah di jabar jakarta dan banten gercep lakukan action plan terbaik untuk mengendalikan banjir,1
jakarta amp sekitarnya banjir ini perintah jokowi ke anies cs presiden jokowi meminta dlm penanganan banjir pemerintah pusat amp provinsi harus saling bantu amp bekerja sama keselamatan warga hrs diutamakan nah dengar itu ya nies,0
semua banjir di jawa barat adalah hasil dari kepemimpinan a thread mau banjir di bekasi bogor indramayu subang cirebon di periode hujan dengan curah yang tinggi ketika sungai besar meluap flash flood pasti terjadi dan akan makin besar resikonya cc,0
terima kasih polri atas aksi sigapnya evakuasi banjir di bekasi n depok jadi terharu liat ini link,2
akun ni keren bgt ya bener gercep sebar info bahkan keliling buat liat banjir di lapangan gmn akun pemkot sm walkot bekasi mah kalah jauh,0
dapur umum sat brimob polda metro jaya melayani sahur bagi warga korban banjir di bekasi selamat berpuasa,2
katanya ada tanggul jebol yah by mega bekasi sampe kemasukan banjir dalem bgt sama katanya ini banjir kiriman dr bogor juga makanya hujannya ga parah bgt tapi airnya makin tinggi,1
gw berharap banget bsk surut cepet kita udah mati lampu dari pagi lalu air nya deres masuk rumah ga bisa bawa lari mobil atau siap siap banjir karena kiriman dari bogor,1
banyaknya pembukaan area baru oleh developer di area bogor dan puncak membuat resapan berkurang ngelarangnya dimana ya baru nyadarnya kalo di bogor nanti ikutan banjir gitu ya,1
selasa dini hari banjir melanda wilayah bekasi tangerang dan jakarta akses jalan terputus rumahrumah warga terendam akibat ketinggian banjir yang mencapai meter,1
banjir di bazoka dan di gebyuran sesudah dan sebelum jembatan perlu menjadi perhatian dki jakarta dan pemkot tangerang genangan cm,0
semoga bisa bermanfaat buat korban bencana banjir di bogor bekasi depok dan sekitarnya,1
kebijakan pemerintah dki jakarta yang memangkas anggaran naturalisasi sungai anggaran yang lebih besar malah digunakan untuk hal lain seperti trotoar dan formula e hal inilah yang digadanggadang ikut memperparah kejadian banjir jakarta,0
gue heran semenjak hidup kayaknya banjir terus jakarta ini udah please bisa gak ngilangin banjir atau setidaknya banjirnya gak sampai separah ini teruntuk pemerintah,0
jika bekasi bogor banjir jakarta tengelam,1
jeritan pelajar korban banjir jakarta timur seragam dan peralatan sekolah hanyut mensos sigap bertindak,1
strategi politik abas utk dgn melempar tanggungjawab tragedi banjir jakarta ke pemerintah pusat utk nyilih tangan pemerintah pusat yg menggusur warga bantaran kali kemudian tim abas memainkan gorengan pemimpin dzolim amp partai koalisi dzolim,0
menyerahkan dalam versi nies mkn mengawasi kinerja pemerintah pusat dan tim dlm mengatasi banjir,0
di setiap langkah bhayangkara selalu ada tak gentar menghadapi tantangan polri hadir untuk melindungi dan membawa rasa aman bagi masyarakat dalam penanganan banjir di beberapa wilayah seperti bekasi depok dan pesanggrahan,2
eh sumpah baru liat banjir bekasi beneran parah bgt,1
dari dulu selalu banjirtiap taun pendduk meningkat pesatotomatis pemukiman jadi padatbanyak rawa yg jadi perumahanotomatis untuk tampungan air kagak adanyalahin pemerintah mulupadahal pemukiman semakin padatjakarta itu dulu banyak rawasekarang berubah jadi pemukiman,0
situasi terkini banjir bekasi di perumahan kemang ifi graha jatiasih bekasi,1
banjir dan macet di jakarta itu kewenangan pemerintah pusat mengatasinya itu kata pa,0
saat ini sudah ada gerakan dari sejumlah pengacara untuk menempuh langkah hukum bersama para korban yang hendak mengajukan gugatan perdata terhadap pemerintah lbh jakarta pun telah membuka posko pengaduan masalah banjir,0
didampingi ketua dpc pks cibitung ust isnaeni ketua dpd ust menyerahkan bantuan makanan siap santap kepada perwakilan warga rw perum villa mutiara jaya desa wanajaya kecamatan cibitung bapak riyanto yang terkena banjir,2
humas polsek johar baru polres metro jakarta pusat aksi peduli polwan polres jakbar salurkan bantuan pemeriksaan kesehatan hingga trauma healing untuk korban banjir jakarta barat aksi sosial kembali ditunjukkan oleh jajaran polres metro jakarta barat kali ini para,2
parkiran motor dalem st bekasi masih banjir gak ka,1
pramonorano adalah gubernurwagub terpilih jakarta asal banteng gk bisa atasi banjir si bungul mau salahkan pak jokowi bgmn pak jokowi jadi presiden bisa atasi banjir jakarta si mulut besar gubernur giveaway bilang dia bisa atasi banjir jakarta amp setelah itu sialnya warga,0
banjir terparah di bekasi terakhir tpi baru kali ini galaxy kena banjir yg tinggi banget semoga cepet surut ya gk ada kiriman air dari bogor,1
banjir bandang menjadi saksi pengorbanan cinta asep banjir yang terjadi di puncak bogor jawa barat membawa duka seorang pria bernama asep mulyana ditemukan tewas seusai terseret banjir pada minggu,1
banjir datang jangan panik ketika banjir melanda kepanikan justru bisa memperburuk keadaan tetap tenang siapkan langkah antisipasi dan lindungi diri serta keluarga sumber,1
jokowi sudah bolakbalik saya jelaskan banjir jakarta itu kewenangan pemerintah pusat,0
terjadi banjir besar di dki jakarta maret ayo kita bully pak ngapain aja loe bro tydack usah kita bully gubernur dki jakarta saat ini,1
banjir merendam sejumlah daerah di wilayah jakarta bogor depok tangerang dan bekasi atau jabodetabek pada selasa pagi hal ini disebabkan oleh tingginya intensitas hujan pada senin sore hingga selasa dini hari sumber pusinfo sonora,1
dapat bantuan wali kota bekasi tri mendata korban banjir sesuai kriteria baca selengkapnya kunjungi,2
selain fokus pada penanganan darurat bupati bekasi juga menegaskan perlunya solusi jangka panjang untuk mengatasi persoalan banjir yang terus berulang salah satu hal yang menjadi perhatian adalah pengelolaan tata ruang yang lebih ketat,2
pls dari awal liat fenomena bencana banjir ini kek selalu mikir begitu uda bertaun taun banjir mulu yakali penanggulangannya ga ada gtu harusnya uda jdi problem mendesak yg kudu segera diatasi masa rapat ga perna bahas banjir sianjir,1
banjir jl gunuk pejaten timur pasar minggu jaksel selasa maret,1
bocah tewas saat evakuasi banjir gubernur jakarta berduka,1
sementara soal banjir yang melanda jakarta dia salahkan pemerintah pusat yang mengacu kepada program normalisasi sungai anggap itu keliru salahnya dimana kelirunya dimana apapun alasannya tetap tidak terpelajar itulah contoh nyata drama politik,0
bisa juga diartikan bpk ini menyamakan pemerintah pusat ke tingkatan lurah karena kalau enggak salah penanganan banjir jakarta sdh diambil alih pemerintahan pusat luar biasa angkuh sebenarnya lebih baik dibiarkan saja cuma kasihan masyarakat pada umumnya,0
warga indonesia buang sampah sembarangan banjir nyalahin pemerintah surut repeat,0
iya mending ngak usah dateng sih biar warga bekasi rasa bencana banjir ngapain dibantu pemerintah,0
polres bogor berikan bantuan korban bencana banjir keccisarua,2
kalau setiap hari diguyur hujan wilayah sekitaran lampu merah swadarma raya dan itc cipulir sudah hapalan pasti akan banjirmasa gak bisa mengatasi sih padahal sudah gonta ganti punya gubernur taik,0
di setiap langkah bhayangkara selalu ada tak gentar menghadapi tantangan polri hadir untuk melindungi dan membawa rasa aman bagi masyarakat dalam penanganan banjir di beberapa wilayah seperti bekasi depok dan pesanggrahan polri siaga berikan pertolongan,2
menyalahkan pemerintah bukan karna banjir nya tapi karna responsereaksi terhadap banjir nya jakarta dan banjir udah dari dulu tinggal bgmn pemerintah mengatasinya mengurangi efeknya dll,0
presiden joko widodo jokowi meminta pemerintah pusat dan pemerintah daerah bersamasama menangani banjir di jakarta dan sekitarnya,2
polri youre rock sigap bantu banjir bekasidepok aksi ini bikin warga terbantu dan terjamin keep up the good work kita dukung penuh,2
jakarta siap menghadapi banjiremang ngabisin anggaran tuk membenahinnya sebaiknya ibu kota negara di pindahkan ke ikn,1
banjir kali ini banyak menelan korban tercatat tak kurang dari jiwa melayang baik di dki jakarta bekasi depok bogor jawa barat maupun tangerang amp tangerang selatan banten pemerintah setempat memiliki,1
seorang bocah lakilaki berinisial a yang terseret arus kali ciliwung saat proses evakuasi banjir di kebon baru tebet jakarta selatan ditemukan dalam keadaan meninggal dunia di dekat rumahnya pada rabu dini hari warga melihat jenazah anak kecil dengan posisi,1
dinas lingkungan hidup lh dki jakarta menerjunkan pasukan oranye untuk mengatasi sampah yang terbawa arus banjir kiriman sejak minggu hingga selasa,2
sampe whatsapp pun orangorang tempat magang gue share hotline banjir jakarta,1
bnyk yg nanya aku banjir atau ngga krn aku di bekasi alhamdulilah aku di kab bekasi jadi ga kena tp area yg banjir itu satunya jalan buat aku berangkat kuliah aku berdoa agar cpt surut dan bnyk bala bantuan yg membantu disana stay safe aamiin yaa rabbal alamin,1
dan masukan juga pak kerja sama pemerintah dngan media tv untk promo ke masyarakat cara menjaga lingkungan agar tdk banjir dan terserang penyakit ketika musim hujan,0
prediksi banjir rob jakarta anies siagakan alat dan personel pemerintah provinsi dki jakarta sedang mengantisipasi banjir kiriman dan rob yang mengancam jakarta,2
orang jakarta ayo dong demo berjilid di monas jangan mau kalah sama junjungan kadrun sama minta ganti rugi atas bencana banjir sesuai saran bang melalui biar pemerintah pusat cepat ambil keputusan terhadap jkt,0
penanganan jembatan kemang pratama bekasi menko ahy pemerintah gandeng satuan zeni ad bekasi usai meninjau posko penanganan banjir di pendopo wali kota bekasi serta kawasan duren jaya menteri koordinator bidang infrastruktur dan pembangunan kewilayahan,2
sedih bgt ngeliat problema kpr di bekasi bulan kemaren yg ada shm ganda dirobohin rumahnya pdhl udah kpr belasan tahun terus skrg ada komplek kpr kena banjir termasuk rumah temen sekantor sedih bgt,0
ini juga awalnya yg banjir puncak bogor duluan,1
diluar konteks banjir jakarta pengen tau siapa kameramen nya hasil foto editing warnanya top,1
yaampuun wkwk banjir jakarta ga hanya air yg jatuh krn hujan di jakarta pik tapi jga dari daerah penyangga bodetabekutk itu butuh bantuan pemerintah pusat ga mungkin jakarta atur wilayah lainga ada wewenang jakarta mengatur wilayah lain,1
bekasi banjir parahhh,1
katamu banjir di jakarta gampang kalo jadi gubernur mul pas jadi gibernur bilang bisa diatasi kalo jadi presiden eee tahun jadi presiden banjir masi aja terus cocodmu bisa dipercaya heran sama tuyul mu yang goblog masi juga mau di goblogin kamu,0
salut buat polri yang udah gercep banget bantu warga korban banjir di bekasi dan depok teruskan kerja bagus kalian,2
segera surut untuk yg kena banjir semoga bala bantuan baik dari evakuasi maupun logistik segera datang,1
duuuhhh sedih bgt cm bisa bantu doa smg cpt surut bantuan sgr dtg n pemerintah gercep menangani banjir n sgl hal yg ditimbulkan jg mencari n mengatasi akar masalahnya,1
bukan belaian ya keluarga saya juga bnyak kena banjir di bekasi ada tante saya tp hak dia lah minep hotel kan rumah dia kebanjiran lgan kan dia besok nya juga ngantor ngurus warga juga masa hal gini aja diributin,1
pemprov dki jakarta mengirimkan lebih dari petugas ppsu untuk membantu penanganan banjir di bekasi selain itu pemprov juga mengirimkan bantuan berupa beras laukpauk serta berbagai fasilitas seperti mobil pemadam kebakaran toilet portable dan mobil pengangkut sampah,2
woi bogor yang bener aje buang air banjir nya ke bekasi,1
terima kasih utk polri yang tanggap banjir di bekasi amp depok pelayanannya luar biasa tonton aksinya disini,2
diskusi perihal banjir di jakarta dg opiniku ya emang banyak perumahan baru gedung baru yg di bangun jadi penyerapan kurang aja aliran air e kureng yg diajak diskusi gak cuman itu ya emang hujan deres puol dan bareng ae di berbagai tempat kuasa e tuhan,1
banjir pada sejumlah rt di rw kedoya selatan kebon jeruk jakarta barat sudah mulai surut pada rabu siang,1
pengakuan gubernur jakarta pramono anung siap tangani banjir meski ada teror,1
proyek nasional itu dikucurkan ke jakarta untuk atasi banjir ngga mungkin ngga bisa donk pemerintah harus total mengatasi nya tugas pemerintah bukan mencari kambing hitam faham ngga sih,0
sejak dulu jakarta sudah ada banjir kini ditambah banjir katakata gabener terbukti ahli tata kata tak bisa menata kota terungkap gubernur yang tak mau kerjasama dgn pemerintah pusat membuat warganya menjadi korban,0
soal penanganan banjir jakarta pramono anung instruksikan pintu air dibuka hingga modifikasi cuaca,1
apa itu fenomena mesoscale convective complex yang jadi pemicu banjir jakarta,1
bentar lagi di klaim kinerja ganener nih akhirnya pemerintah pusat ambil alih penanganan banjir jakarta,1
selamat pagi gerak cepat tangani ternak terdampak banjir di bekasi,1
bung jubir setahu saya dulu ada yang janji banjir jakarta akan mudah di atasi kalau jadi presiden krn kali ciliwung di bawah pemerintah pusat bukan begitu tapi presiden siapa ya hanya konfirmasi saja betul tidak ya,1
kayaknya ane paham ini udah ancang ya karna banjir di bekasi kota terjadi bisa sebesar sedahsyat itu salah satunya karna hulu sungai sama resapannya itu berada di sekitran rumah presiden pantesan wkwkwkw,1
jabodetabek terendam ribuan warga mengungsi banjir pada maret melanda jakarta bogor depok bekasi dan tangerang menyebabkan ribuan warga terdampak dan mengungsi di jakarta warga mengungsi akibat luapan kali ciliwung sementara di bogor jiwa terdampak,1
emang ngga minta dipahamisekarang aja udah keluarin jurus maboknyalahin pemerintah pusat krn proyek tanggul dibogor blm klar kalo dah klar n msh banjir jurus aplg ngelesnya,1
jokowi sudah bolakbalik saya jelaskan banjir jakarta itu kewenangan pemerintah pusat,1
alhamdullilah nder kog bisa g ada bunyi sirine peringatan banjir datang to kalau di tempat ku didesamasih manual sih kentongan segede gaban bunyi berulang aku kalau ada brita banjir sering nangis inget dlu prnh krja dipandeglang trus liat musibah tsunami kali dsna,0
di setiap langkah bhayangkara selalu ada tak gentar menghadapi tantangan polri hadir untuk melindungi dan membawa rasa aman bagi masyarakat dalam penanganan banjir di beberapa wilayah seperti bekasi depok dan pesanggrahan,2
klo yg banjir bkn kampus nya atau daerah jakarta gua rasa akan ttp offline,1
wkakaka mau nangis masih aja kyk gini ada yg nyalahin pemerintah captionnya ini foto banjir dr temen aku perasaan jaman x ga gini amat terus yg nulis tu bkn orang jakarta gt loh,1
makasih doa nyaa semuanya doain wilayah bekasi dan bogor segera surut dan hujan segera reda dan berhenti soalnya beneran banjir dimana sedih jg soalnya menyangsikan langsung rumah warga kerendam banjir,1
biasanya kalo ada banjir gini bekasijakarta pasti bilang aku gak kerumah dulu ya banjir parah soalnya,1
personel korps bhayangkara langsung terjun ke lokasi banjir di bekasi depok dan wilayah yang mengalami banjir untuk mengevakuasi masyarakat menggunakan perahu karet dan peralatan memadai lainnya selain evakuasi warga polri bersama instansi terkait telah mendirikan posko a,2
tindakan polri yg sigap dan peduli bantu korban banjir di bekasi amp depok patut diacungi jempol keep up the good work,2
gw apresiasi pemerintah pusat dan daerah mau itu bekasi jakarta jawa barat tangerang dan daerah lain yang tanggap bencana apapun dari kebakaran hutan gempa longsor tsunami dan banjir kemarin juga,2
kondisi terkini banjir jakarta bantuan perahu karet untuk evakuasi warga terdampak,2
izin pak wali di taman wisma asri belum ada damkar pak jalanan yang kemarin terdampak banjir masih ada lumpur pak mohon di kerahkan unitnya pak soalnya bahaya buat pengendara pak,0
salute utk polri yg udh gercep bantu korban banjir di bekasi amp depok tetap semangat link link,2
kapolres metro depok kombes abdul waras bersama jajaran dan unsur tni meninjau langsung kondisi banjir di kelurahan sawangan baru kecamatan bojongsari siaga berikan pertolongan,2
banjir bekasi,1
yuk warganet kita doakan bersama semoga banjir yang melanda kabupaten bekasi segera surut aamiin,1
salah satu yang banyak memberikan informasi saat sebelum terjadi banjir besar maret adalah akun seharusnya pak gubernur jabar bupati bogor walikota bekasi pak berikan apresiasi para bapakibu mas mbak admin,0
orang meninggal dunia hingga sore ini anies menyebut jajaran pemerintah provinsi dki jakarta terus siaga selama banjir ini pemprov menyiagakan tim medis bekerja selama masa banjir ini,1
pemerintah dki jakarta diminta segera mengkaji ulang dan merealisasikan program yang dicanangkan seperti melakukan normalisasi sungai ciliwung untuk atasi,1
mantap inilah pejabat yg merakyat masyarakat nya di tenda dan tempat tempat pengungsian ibu walikota dan keluarga di hotel banjir bekasi sritex phk pertamax blending bukan oplosan,2
gerak cepat petugas gabungan dalam mengevakuasi warga terdampak upaya pengendalian banjir juga terus dilakukan termasuk pemantauan debit air penyedotan genangan dan distribusi bantuan bagi warga,2
jakarta korps brimob polri mengerahkan pasukan untuk membantu penanggulangan banjir di kabupaten bogor dan kota bekasi jawa barat jabar pada selasa selengkapnya,2
ojek gerobak laris manis di tengah banjir jalan gabus raya bekasi,1
polri keren abis bantu korban banjir di bekasi dan depok cepet bgt terima kasih banyak,2
personel gabungan tnipolri mengevakuasi warga terdampak banjir di perumahan asri sawangan depok jawa barat pada selasa termasuk seorang pria yang membutuhkan cuci darah di rsud sawangan,2
pemerintah melalui bapanas dan bulog menyiapkan cadangan pangan bagi warga terdampak banjir di jakarta dan bekasi distribusi bantuan khususnya beras akan dilakukan secara proaktif untuk memastikan akses pangan tetap terjaga selengkapnya di,2
personel korps bhayangkara langsung terjun ke lokasi banjir di bekasi depok dan wilayah yang mengalami banjir untuk mengevakuasi masyarakat menggunakan perahu karet dan peralatan memadai lainnya,2
simpen sedihnya nanti bekasi makin banjir,1
satuan tugas satgas banjir dinas pekerjaan umum dan penataan ruang pupr kota depok membersihkan puingpuing turap sungai akibat longsor di jalan pitara kelurahan pancoran mas kamis,2
noh jakarta banjir besar lagi junjungan lho tahun hentikan normalisasi sungai bikin sumur resapan target juta dlm tahun cuma kebikin ribuan cethek ga nyelesaiin mslh bikin rusak jalan pdhl anggaran daerah tertinggi nasional jomplang dng propinsi lain,0
banjir telah surut dan menyisakan banjir berupa lumpur pekat menggenangi lantai rumah serta jalanan di jakarta,1
gak ada empati banget jadi pemerintah rakyatnya lagi kesulitan karena banjir tapi yang diucapin malah yang ultah gak tau malu banget kocak lu pada,0
ingfokan kalo liat pak wamenaker nyemplung di banjir bekasi takut hanyut,1
bogor hujan deres terus kak sampe banyak banjir dan longsor,1
artis dan youtuber baim wong membagikan momen sahurnya di tengah banjir yang merendam rumahnya di jakarta akibat curah hujan tinggi dalam unggahan di instagram baim terlihat santai menikmati nasi goreng meski air menggenangi rumahnya unggahan tersebut menarik perhatian,1
hari minggu yang seharusnya damai berubah menjadi tragedi ketika banjir bandang melanda kawasan puncak cisarua kabupaten bogor,1
natal oikumene karolin ajak masyarakat doakan korban banjir di jawa,1
personel gabungan tnipolri mengevakuasi warga terdampak banjir di perumahan asri sawangan depok jawa barat pada selasa termasuk seorang pria yang membutuhkan cuci darah di rsud sawangan di tengah kepungan banjir setinggi meter evakuasi dilakukan dengan,2
banjir nyalahin pemerintah lu nya sendiri aja suka buang sampah sembarang bangsatt,1
aeh seorang bapih yang biasanya kritis sama pemerintahan sekarang bergebu bgt ya wkwkwk santay pihh pasti ada jalannya kok untuk mengatasi banjir di jakarta yang terbaik untuk pak anies dan pemerintah pusat dalam menyelsaikan masalah yang sedang terjadi sekarang di jakarta,1
permasalahan banjir di jakarta memang butuh kerja sama semua pihak mulai dari masyarakatnya yg harus menjaga kebersihan pemerintah mulai dari lurah camat walikota sampe gubernurnya bahkan presiden juga harus bekerja keras mencari solusi yg tiap tahun selalu aja terulang,1
gubernur baru sedang diuji mampu nggak ngatasi banjir,1
kunjungi korban banjir jakarta wapres gibran sabar ya wapres gibran rakabuming raka meminta masyarakat agar tetap sabar dan saling membantu menghadapi musibah banjir di jabodetabek,2
prihatin banjir jabodetabek wapres maruf amin minta warga sabar dan ikuti arahan pemerintah,2
personel gabungan tnipolri mengevakuasi warga terdampak banjir di perumahan asri sawangan depok jawa barat pada selasa,2
kak ini bisa dpt sms gini gmn ya caranya atau tiba aja aku kok gak dpt sms gini ya pdhl termasuk cukup rawan banjir kiriman bogor,1
personel gabungan tnipolri mengevakuasi warga terdampak banjir di perumahan asri sawangan depok jawa barat pada selasa termasuk seorang pria yang membutuhkan cuci darah di rsud sawangan,2
sejarah merekam banjir dan bekasi menjadi sesuatu yang sulit untuk dipisahkan,1
kakkk gimana kondisi di bogor katanya lagi banjir stay safe yah kak,1
sobat polisi personel gabungan tnipolri mengevakuasi warga terdampak banjir di perumahan asri sawangan depok jawa barat polri berkomitmen untuk memberikan pelayanan terbaik dalam menghadapi bencana alam dan siaga berikan pertolongan,2
yang salah siapa air banjir atau pemerintah dki,1
kemarin jadi gubenur dan presiden periode ngapain aja bukannya urusan kali itu kerjaan pemerintah pusatkementrian banjir bandang di cipanas lebak jasinga cigudeg sinarjaya kab bogor banjir di tengerang tangsel bekasi itu salah siapa salah gubenur,0
personel gabungan tnipolri mengevakuasi warga terdampak banjir di perumahan asri sawangan depok jawa barat pada selasa termasuk seorang pria yang membutuhkan cuci darah di rsud sawangan di tengah kepungan banjir setinggi meter evakuasi dilakukan dengan menggunaka,2
bendung katulampa nan legendaris indikator siaga banjir jakarta dan sekitarnya,1
personel korps bhayangkara langsung terjun ke lokasi banjir di bekasi depok dan wilayah yang mengalami banjir untuk mengevakuasi masyarakat menggunakan perahu karet dan peralatan memadai lainnya,2
bener juga selama tahun gua di jakarta udah biasa banjir wkwk kaya emang tempatnya air rawamangun rawa sari rawajati rawa yg lainnya fokusnya jangan nyalahin pemerintah dulu liat diri sendiri kita nya udh bener belum sampah dibuang secara bener belum,1
dear setelah buka pm kamu baru tahu kalau ada bidadari dari bogor sangkain bogor spesialis kirim banjir kiriman aja ke jakarta,1
kalo jakarta dan sekitarnya banjir yang harus di salahkan pemerintah atau orang yang selalu buang sampah sembarangan aku rasa bukan hanya salah pemerintah kan,1
banjir jakarta mau kiriman dari bogor mau kiriman dari langit mau kiriman dari tuhan gubernur wkl gubernur prematur gak becus kerja gak mampu urus jakarta makan gaji buta,0
personel korps bhayangkara langsung terjun ke lokasi banjir di bekasi depok dan wilayah yang mengalami banjir untuk mengevakuasi masyarakat menggunakan perahu karet dan peralatan memadai lainnya selain evakuasi warga polri bersama instansi terkait telah mendirikan posko bantua,2
bapak gubernur kirakira warga bekasi mana yang diundang ke youtube nya disaat banjir konten nih bapak,0
maaf cuma bisa like n retweet editan sedih wonwoo kalo nonton bisa banjir ini jakarta,1
gais mohon maaaaaff ini knp grgr banjir jd pd nyalahin pemerintah jakarta sedangkan yang banjir bukan jakarta doang tp jabodetabek,1
gue jujur ga ngerti sama rakyat jaman sekarang bukan prokontra pemerintah tapi kenapa pada nyalahin pemerintah soal banjir hey ini karna hujan deras yang terus menerus bukan karna pemerintah salah ini itu negara sebelah pun banjir kalau begini,1
tim penyelamat mengevakuasi warga dengan menggunakan perahu karet dari daerah permukiman yang terendam banjir menyusul hujan lebat di jakarta willy kurniawan reuters simak fotofoto hari ini lainnya,2
rakor internal kecamatan sawangan dalam rangka menindaklanjuti surat keputusan walikota depok bpk khdr mohammad idris ma tentang penetapan status tanggap darurat bencana banjir tanah longsor dan angin kencang di kota depok no kptsdpkphuk senin,1
singapura air nya datang ga dari johor malaysia bang sementara jakarta air nya datang dari jawa barat kan makanya gada tangerang dan tangsel ga banjir kiriman dari jakarta,1
babelan masih banjir,1
aksi nyata polri dalam evakuasi banjir bekasi dan depok luar biasa keep up the great work guys link tonton disini,2
biawak dungu padahal sudah bolak balik jokowi katakan bahwa urusan banjir jakarta adalah kewenangan pemerintah pusat,0
polri emang luar biasa salurkan bantuan dan evakuasi korban banjir di bekasi amp depok moga bencana ini cepat berlalu tonton aksinya disini,2
baru nanti kalo mulai agak reda kita kritik pemerintah kalo misalnya ada sesuatu yang salah jangan lupa kita juga sebagai warga punya tanggung jawab untuk ngejaga jakarta biar nggak banjir,1
personel gabungan tnipolri mengevakuasi warga terdampak banjir di perumahan asri sawangan depok jawa barat pada selasa termasuk seorang pria yang membutuhkan cuci darah di rsud sawangan di tengah kepungan banjir setinggi meter evakuasi,2
duitnya belum dibayar trolly in sama pusat dan urusan urusan sungai fi jakarta masih di bawah pusat pemerintah jakarta cuma kena kiriman banjir air dan caci maki lha siapa suruh hidup di rawa giliran terendam pada ngamuk,1
wts wtb bub ready netflix vidio disney canva viu wetv youtube prime vision picsart loklok disney bstation wa allegri jepang wonwoo wooyoung banjir geram haechan lia waroka jokowi berani gen bekasi smtown polri,1
musibah banjir yang melanda beberapa daerah di daerah khusus jakarta dan jawa barat termasuk lapas cikarang turut mempengaruhi aktivitas warga binaan,1
wapres gibran datangi lokasi banjir di jatiasih bekasi pastikan bantuan untuk korban banjir,2
banyak perumahan dibangun di daerah yg sebelumnya memang banjir begitu kena banjir penghuni mengeluh ke pemerintah kenapa kok banjir banjir dari dulu ada di jakarta kenapa ga ada rumah tenggelam karena dulu belum ada rumah disitu yg ada rawa penampung air,1
bak air bah detikdetik air banjir terjang mega mal bekasi,1
pemkot tangerang berikan bantuan transportasi dan logistik akibat jalan terputus pasca banjir,2
adapun untuk mempercepat penanganan sampah dan lumpur pasca banjir pemkot bekasi telah menyewa sebanyak truk untuk membantu pengangkutan sampah ke tpa sumurbatu pemerintah sendiri sejak banjir surut telah menyiagakan truk sampah,2
yesterday in da middle of banjir sana sini dan macet parah dimana mana harus ke tangerang utk koordinasi dengan kawan pengurus amp anggota ippi di sana train to rescue meski pas jam pulang ga dapat duduk sama sekali enjoy djakarta,1
gubernur jakarta klaim banjir di jakarta adalah kiriman,1
wakil gubernur wagub dki jakarta rano karno meninjau korban banjir di lebak bulus jakarta selatan rano mengajak warga terdampak banjir pindah ke rumah susun rusun jagakarsa yang baru selesai dibangun tonton video selengkapnya di,2
banjir nih,1
polri turun tangan bantu evakuasi dan penanganan banjir di jabodetabek jakarta kepolisian republik indonesia polri melalui korps kepolisian perairan dan udara korpolairud baharkam polri mengerahkan ratusan personel guna membantu evakuasi dan penanganan banjir,2
personel gabungan tnipolri mengevakuasi warga terdampak banjir di perumahan asri sawangan depok jawa barat pada selasa termasuk seorang pria yang membutuhkan cuci darah di rsud sawangan,2
di kanim bekasi aman sekitarnya beberapa daerah banjir tpi jalanan masih lancar dilalui koq,1
rudy susmanto pemkab bogor bentuk posko dan gandeng bnpb untuk modifikasi cuaca atasi banjir,2
terima kasih banyak pak polisi atas dedikasi dan keberanian dalam membantu warga jakarta yang terdampak banjir,2
keluarga besar lapas kelas iib sumedang mengucapkan turut berduka cita atas musibah banjir di lapas cikarang dan bapas bekasi semoga saudarasaudara kita diberikan kekuatan dan kesabaran dalam menghadapi musibah ini pray for lapas cikarang amp bapas bekasi maret,1
imbas banjir jaksel terapkan pembelajaran di rumah bagi siswa,1
lah bininya aja ngungsi ke hotel horison sloganya membersamai rakyat pas banjir gak bersama rakyatnya,0
salah satu yang banyak memberikan informasi saat sebelum terjadi banjir besar maret adalah akun seharusnya pak gubernur jabar bupati bogor walikota bekasi pak berikan apresiasi para bapakibu mas mbak admin,0
epaper erakini rabu maret pramono anung banjir jakarta butuh solusi gubernur,0
banjir yang melanda jakarta bogor dan bekasi nggak cuma bikin warga kebanjiran tapi juga hewanhewan peliharaan ikut jadi korban mulai dari anjing burung kambing sampai sapi semuanya ikut terdampak di jakarta selatan petugas damkar bahkan evakuasi ekor kambing pakai,1
banjir bogor gubernur dedi mulyadi ungkap alih fungsi lahan jadi biang kerok bencana,1
akhirnya pemerintah pusat ambil alih penanganan banjir lambatnya normalisasi yg seharusnya sudah selesai malah baru km,0
guys aku br liat di bekasi amp bogor cmiiw banjir ya stay safe all semoga cepat surut amp kalian semua baikbaik aja dmnpun berada,1
oh no banjir mati listrik tuh alhamdulillah ga kena banjir asli aku gatau kalo bekasi banjir juga,1
temanteman di bekasi yang terdampak banjir stay safe semua semoga bantuan segera menolong,1
min kalau dari pgc cililitan mau ke mall kelapa gading itu bisa gak yah dan beroperasi gak yah soalnya kan banjir,1
jul amp jakarta bekasi banjir guede buanget anda gak ngebuly amp sok bela warga yg kebanjiran ternyata psi anda cuma cari omon omon bela warga demi elektabilitasmakanya sampah is sampah,0
banjir jakarta masih genangi rt dengan ketinggian air hingga meter selengkapnya gtgtgt,1
pray for jabodetabek aku orang bogor emang dari hari ke puasa bogor hujan terus dan emang kalo bogor hujan yang dapet kiriman banjir nya pasti jadetabek tapi sekarang sampe puncak aja kena banjir bandang banyak longsor juga jalan di batutulis ambruk sampe gabisa di akses,1
presiden pemerintah pusat dan daerah harus kerja sama tangani banjir kabar tangsel,1
banjir kemarin itu yang sumber air banjirnya sama dari puncak kenapa bekasi parah tapi jakarta malah relatif aman,1
berapa kontribusi hujan lokal di bekasi sebabkan banjir parah di bekasi jika dibandingkan persen antara faktor meteorologishidrologis lingkungantata kotanya,1
pemerintah terus bergerak cepat dalam penanganan bencana banjir yang melanda wilayah sekitar jakarta dan bekasi dalam keterangannya kepada awak media menteri sosial mensos saifullah yusuf menyampaikan bahwa tenaga kebencanaan telah diterjunkan ke berbagai titik terdampak,2
doa dan dukungan terbaik untuk temanteman yang terdampak banjir di jakarta bogor depok tanggerang dan bekasi,1
apresiasi se tinggi tingginya buat yang dari kemarin malam update kondisi banjir sehat sehat min,2
terungkap vilavila milik jenderal di puncak bikin parah banjir di jakarta dan sekitarnya siapa pemiliknya,0
kapolres metro jakarta selatan tinjau langsung banjir di pesanggrahan dan berikan bantuan logistik makanan untuk korban,1
bisa gak sih warga bekasi korban banjir class action biar berbenah semua,1
wali kota depok supian suri memastikan akan membongkar rumah toko ruko dan goronggorong yang menjadi penyebab banjir di jalan margonda raya pada senin,1
banjir akhirnya surut pada kamis pagi sekitar pukul wib dan warga mulai membersihkan rumah pada siang hari sampai saat itu terang anto belum ada satu pun bantuan pemerintah,0
saat banjir biasa nya makanan berlimpah bantuan dr sana sini buang hajat ny yg susah tugas pemerintah perbanyak tempat buang hajat,1
jika saya gubernur dki saya akan mencalonkan diri jadi presiden karena tampaknya banjir di jakarta lebih mudah diatasi kalo saya jadi presiden walau sudah ada gubernur dki yg dulu telah ngomong spt itu dan gagal saya akan ngomong hal yg sama,1
gue nggak paham sama pemerintah jakarta sekarang walaupun bukan orang jakarta tapi lihat keadaan jakarta itu udah parah banget dan bikin risih terus sekarang ditambah ginian kok ya diizinin sama gubernurnya dari pada buat ginian mending biayanya buat atasi banjir,0
heran kenapa banyak yg ngritik gub jakarta gub jabar masyarakat di sekitar das pemerintah pusat yg katanya mudah menangani banjir kok gak dikritik juga,0
manusia ini ya yg dulu janjikan banjir di jakarta akan ditangani saat menjadi presiden setelah jabatan tuntas malahan gada hasilnya akan ditawur okeh rakyatnya sendiri ini makhluk klo gak di dunia ya diakhirat itu juga klo dia percaya ada akhirat,0
kita bisa meneruskan info laporan banjir kepada temanteman melalui twitter fb wa telegram dan medsos lainnya dengan melaporkan kita sudah bantu pemerintah serta masyarakat di sekitar kita dan turut dalam aksi pengurangan risiko bencana,2
pt kai daerah operasi daop bandung mengungkapkan bahwa banjir di kabupaten dan kota bekasi yang terjadi sejak selasa pagi sempat menyebabkan dua ka parahyangan relasi stasiun gambirbandung mengalami keterlambatan,1
personel gabungan tnipolri mengevakuasi warga terdampak banjir di perumahan asri sawangan depok jawa barat pada selasa termasuk seorang pria yang membutuhkan cuci darah di rsud sawangan di tengah kepungan banjir setinggi meter evakuasi di,1
jakarta banjir bandang kapan indonesia kapok kirim bantuan buat hamas dan fokus sama agenda domestik beginilah contoh pikiran otak udang jika bencana dikaitkan dengan azab allah,0
ya drama bikin muak di indonesia tuh gitu apa ribut sekejap ga ada ketegasan menyeluruh buat mengatasi banjir dan longsor kapan terjadi lagi ribut lagi,0
tim humanies melakukan pendataan bantuan logistik untuk korban banjir bersama bnpb malam tadi bantuan berupa kebutuhan harian kebutuhan ibu dan anak dan personal care yang bersumber dari donasi warga x dan ig semoga bekasi bogor dan wilayah terdampak lain cepat pulih,1
banjir di rsud chasbullah abdulmadjid kota bekasi mulai surut pelayanan kesehatan kembali berangsur normal,1